Feature,Mean,Std,Min,Max,Skewness,Kurtosis
"Trigram
Surprisal",0.0,9.752067991911023,-33.77290094936211,33.77290094936211,0.0,1.1656017117907895
"Dependency
Length",0.0,9.082364432450346,-96.0,96.0,0.0,12.865431871350435
"Information
Status",0.0,0.6208560575349495,-1.0,1.0,0.0,-0.40571219333577435
Positional LM,0.0,0.1478828946839708,-0.8298883319991237,0.8298883319991237,0.0,2.0371965208302996
"Case Marker
Transitions",0.0,0.3012067343841777,-1.6414127549088482,1.6414127549088482,0.0,13.852888005724232
